id,school,zh,city,usNews,qs,nobel,costUG,admitUG,cdsC7Status,cdsC7Year,cdsC7Source,costStatus,admitStatus,nobelStatus,tuitionSource,nobelSource,scorecardSource
"princeton","Princeton","普林斯顿大学","Princeton, NJ","1","25","8","84000","3.95","verified-official-cds","2024-2025","https://ir.princeton.edu/sites/g/files/toruqf2041/files/documents/CDS_2425_Princeton_v2.pdf","estimated-needs-official-tuition-check","estimated-needs-CDS-or-Scorecard-check","needs-official-awards-check","https://www.google.com/search?q=Princeton%20cost%20of%20attendance%20tuition%20fees%20official","https://www.google.com/search?q=Princeton%20Nobel%20laureates%20official","https://collegescorecard.ed.gov/search/?search=Princeton"
"mit","MIT","麻省理工学院","Cambridge, MA","2","1","26","91000","4.4","verified-official-cds","2024-2025","https://ir.mit.edu/projects/2024-25-common-data-set/","estimated-needs-official-tuition-check","estimated-needs-CDS-or-Scorecard-check","needs-official-awards-check","https://www.google.com/search?q=MIT%20cost%20of%20attendance%20tuition%20fees%20official","https://www.google.com/search?q=MIT%20Nobel%20laureates%20official","https://collegescorecard.ed.gov/search/?search=MIT"
"harvard","Harvard","哈佛大学","Cambridge, MA","3","5","31","91000","4.85","pending-official-cds","待核验","https://www.google.com/search?q=Harvard%20Common%20Data%20Set%202024%202025%20C7%20official","estimated-needs-official-tuition-check","estimated-needs-CDS-or-Scorecard-check","needs-official-awards-check","https://www.google.com/search?q=Harvard%20cost%20of%20attendance%20tuition%20fees%20official","https://www.google.com/search?q=Harvard%20Nobel%20laureates%20official","https://collegescorecard.ed.gov/search/?search=Harvard"
"stanford","Stanford","斯坦福大学","Stanford, CA","4","3","22","91000","5.3","pending-official-cds","待核验","https://www.google.com/search?q=Stanford%20Common%20Data%20Set%202024%202025%20C7%20official","estimated-needs-official-tuition-check","estimated-needs-CDS-or-Scorecard-check","needs-official-awards-check","https://www.google.com/search?q=Stanford%20cost%20of%20attendance%20tuition%20fees%20official","https://www.google.com/search?q=Stanford%20Nobel%20laureates%20official","https://collegescorecard.ed.gov/search/?search=Stanford"
"yale","Yale","耶鲁大学","New Haven, CT","5","21","11","84000","5.75","pending-official-cds","待核验","https://www.google.com/search?q=Yale%20Common%20Data%20Set%202024%202025%20C7%20official","estimated-needs-official-tuition-check","estimated-needs-CDS-or-Scorecard-check","needs-official-awards-check","https://www.google.com/search?q=Yale%20cost%20of%20attendance%20tuition%20fees%20official","https://www.google.com/search?q=Yale%20Nobel%20laureates%20official","https://collegescorecard.ed.gov/search/?search=Yale"
"uchicago","UChicago","芝加哥大学","Chicago, IL","6","13","33","87000","6.2","pending-official-cds","待核验","https://www.google.com/search?q=UChicago%20Common%20Data%20Set%202024%202025%20C7%20official","estimated-needs-official-tuition-check","estimated-needs-CDS-or-Scorecard-check","needs-official-awards-check","https://www.google.com/search?q=UChicago%20cost%20of%20attendance%20tuition%20fees%20official","https://www.google.com/search?q=UChicago%20Nobel%20laureates%20official","https://collegescorecard.ed.gov/search/?search=UChicago"
"penn","UPenn","宾夕法尼亚大学","Philadelphia, PA","7","11","9","87000","6.65","pending-official-cds","待核验","https://www.google.com/search?q=UPenn%20Common%20Data%20Set%202024%202025%20C7%20official","estimated-needs-official-tuition-check","estimated-needs-CDS-or-Scorecard-check","needs-official-awards-check","https://www.google.com/search?q=UPenn%20cost%20of%20attendance%20tuition%20fees%20official","https://www.google.com/search?q=UPenn%20Nobel%20laureates%20official","https://collegescorecard.ed.gov/search/?search=UPenn"
"duke","Duke","杜克大学","Durham, NC","8","61","3","84000","7.1","pending-official-cds","待核验","https://www.google.com/search?q=Duke%20Common%20Data%20Set%202024%202025%20C7%20official","estimated-needs-official-tuition-check","estimated-needs-CDS-or-Scorecard-check","needs-official-awards-check","https://www.google.com/search?q=Duke%20cost%20of%20attendance%20tuition%20fees%20official","https://www.google.com/search?q=Duke%20Nobel%20laureates%20official","https://collegescorecard.ed.gov/search/?search=Duke"
"jhu","Johns Hopkins","约翰霍普金斯大学","Baltimore, MD","9","32","19","87000","7.55","pending-official-cds","待核验","https://www.google.com/search?q=Johns%20Hopkins%20Common%20Data%20Set%202024%202025%20C7%20official","estimated-needs-official-tuition-check","estimated-needs-CDS-or-Scorecard-check","needs-official-awards-check","https://www.google.com/search?q=Johns%20Hopkins%20cost%20of%20attendance%20tuition%20fees%20official","https://www.google.com/search?q=Johns%20Hopkins%20Nobel%20laureates%20official","https://collegescorecard.ed.gov/search/?search=Johns%20Hopkins"
"northwestern","Northwestern","西北大学","Evanston, IL","10","47","3","83000","8","pending-official-cds","待核验","https://www.google.com/search?q=Northwestern%20Common%20Data%20Set%202024%202025%20C7%20official","estimated-needs-official-tuition-check","estimated-needs-CDS-or-Scorecard-check","needs-official-awards-check","https://www.google.com/search?q=Northwestern%20cost%20of%20attendance%20tuition%20fees%20official","https://www.google.com/search?q=Northwestern%20Nobel%20laureates%20official","https://collegescorecard.ed.gov/search/?search=Northwestern"
"caltech","Caltech","加州理工学院","Pasadena, CA","11","10","20","90000","8.45","pending-official-cds","待核验","https://www.google.com/search?q=Caltech%20Common%20Data%20Set%202024%202025%20C7%20official","estimated-needs-official-tuition-check","estimated-needs-CDS-or-Scorecard-check","needs-official-awards-check","https://www.google.com/search?q=Caltech%20cost%20of%20attendance%20tuition%20fees%20official","https://www.google.com/search?q=Caltech%20Nobel%20laureates%20official","https://collegescorecard.ed.gov/search/?search=Caltech"
"cornell","Cornell","康奈尔大学","Ithaca, NY","12","16","8","83000","8.9","pending-official-cds","待核验","https://www.google.com/search?q=Cornell%20Common%20Data%20Set%202024%202025%20C7%20official","estimated-needs-official-tuition-check","estimated-needs-CDS-or-Scorecard-check","needs-official-awards-check","https://www.google.com/search?q=Cornell%20cost%20of%20attendance%20tuition%20fees%20official","https://www.google.com/search?q=Cornell%20Nobel%20laureates%20official","https://collegescorecard.ed.gov/search/?search=Cornell"
"brown","Brown","布朗大学","Providence, RI","13","79","8","83000","9.350000000000001","pending-official-cds","待核验","https://www.google.com/search?q=Brown%20Common%20Data%20Set%202024%202025%20C7%20official","estimated-needs-official-tuition-check","estimated-needs-CDS-or-Scorecard-check","needs-official-awards-check","https://www.google.com/search?q=Brown%20cost%20of%20attendance%20tuition%20fees%20official","https://www.google.com/search?q=Brown%20Nobel%20laureates%20official","https://collegescorecard.ed.gov/search/?search=Brown"
"columbia","Columbia","哥伦比亚大学","New York, NY","14","38","16","89000","9.8","pending-official-cds","待核验","https://www.google.com/search?q=Columbia%20Common%20Data%20Set%202024%202025%20C7%20official","estimated-needs-official-tuition-check","estimated-needs-CDS-or-Scorecard-check","needs-official-awards-check","https://www.google.com/search?q=Columbia%20cost%20of%20attendance%20tuition%20fees%20official","https://www.google.com/search?q=Columbia%20Nobel%20laureates%20official","https://collegescorecard.ed.gov/search/?search=Columbia"
"berkeley","UC Berkeley","加州大学伯克利分校","Berkeley, CA","15","12","26","68000","10.3","pending-official-cds","待核验","https://www.google.com/search?q=UC%20Berkeley%20Common%20Data%20Set%202024%202025%20C7%20official","estimated-needs-official-tuition-check","estimated-needs-CDS-or-Scorecard-check","needs-official-awards-check","https://www.google.com/search?q=UC%20Berkeley%20cost%20of%20attendance%20tuition%20fees%20official","https://www.google.com/search?q=UC%20Berkeley%20Nobel%20laureates%20official","https://collegescorecard.ed.gov/search/?search=UC%20Berkeley"
"ucla","UCLA","加州大学洛杉矶分校","Los Angeles, CA","16","42","8","68000","9.8","pending-official-cds","待核验","https://www.google.com/search?q=UCLA%20Common%20Data%20Set%202024%202025%20C7%20official","estimated-needs-official-tuition-check","estimated-needs-CDS-or-Scorecard-check","needs-official-awards-check","https://www.google.com/search?q=UCLA%20cost%20of%20attendance%20tuition%20fees%20official","https://www.google.com/search?q=UCLA%20Nobel%20laureates%20official","https://collegescorecard.ed.gov/search/?search=UCLA"
"rice","Rice","莱斯大学","Houston, TX","17","119","3","86000","10.6","pending-official-cds","待核验","https://www.google.com/search?q=Rice%20Common%20Data%20Set%202024%202025%20C7%20official","estimated-needs-official-tuition-check","estimated-needs-CDS-or-Scorecard-check","needs-official-awards-check","https://www.google.com/search?q=Rice%20cost%20of%20attendance%20tuition%20fees%20official","https://www.google.com/search?q=Rice%20Nobel%20laureates%20official","https://collegescorecard.ed.gov/search/?search=Rice"
"vanderbilt","Vanderbilt","范德堡大学","Nashville, TN","18","248","2","86000","11.4","pending-official-cds","待核验","https://www.google.com/search?q=Vanderbilt%20Common%20Data%20Set%202024%202025%20C7%20official","estimated-needs-official-tuition-check","estimated-needs-CDS-or-Scorecard-check","needs-official-awards-check","https://www.google.com/search?q=Vanderbilt%20cost%20of%20attendance%20tuition%20fees%20official","https://www.google.com/search?q=Vanderbilt%20Nobel%20laureates%20official","https://collegescorecard.ed.gov/search/?search=Vanderbilt"
"dartmouth","Dartmouth","达特茅斯学院","Hanover, NH","19","237","3","82000","12.2","pending-official-cds","待核验","https://www.google.com/search?q=Dartmouth%20Common%20Data%20Set%202024%202025%20C7%20official","estimated-needs-official-tuition-check","estimated-needs-CDS-or-Scorecard-check","needs-official-awards-check","https://www.google.com/search?q=Dartmouth%20cost%20of%20attendance%20tuition%20fees%20official","https://www.google.com/search?q=Dartmouth%20Nobel%20laureates%20official","https://collegescorecard.ed.gov/search/?search=Dartmouth"
"notre-dame","Notre Dame","圣母大学","Notre Dame, IN","20","304","1","82000","13","pending-official-cds","待核验","https://www.google.com/search?q=Notre%20Dame%20Common%20Data%20Set%202024%202025%20C7%20official","estimated-needs-official-tuition-check","estimated-needs-CDS-or-Scorecard-check","needs-official-awards-check","https://www.google.com/search?q=Notre%20Dame%20cost%20of%20attendance%20tuition%20fees%20official","https://www.google.com/search?q=Notre%20Dame%20Nobel%20laureates%20official","https://collegescorecard.ed.gov/search/?search=Notre%20Dame"
"umich","Michigan","密歇根大学安娜堡分校","Ann Arbor, MI","21","45","2","61000","13.8","pending-official-cds","待核验","https://www.google.com/search?q=Michigan%20Common%20Data%20Set%202024%202025%20C7%20official","estimated-needs-official-tuition-check","estimated-needs-CDS-or-Scorecard-check","needs-official-awards-check","https://www.google.com/search?q=Michigan%20cost%20of%20attendance%20tuition%20fees%20official","https://www.google.com/search?q=Michigan%20Nobel%20laureates%20official","https://collegescorecard.ed.gov/search/?search=Michigan"
"georgetown","Georgetown","乔治城大学","Washington, DC","22","301","2","88000","14.6","pending-official-cds","待核验","https://www.google.com/search?q=Georgetown%20Common%20Data%20Set%202024%202025%20C7%20official","estimated-needs-official-tuition-check","estimated-needs-CDS-or-Scorecard-check","needs-official-awards-check","https://www.google.com/search?q=Georgetown%20cost%20of%20attendance%20tuition%20fees%20official","https://www.google.com/search?q=Georgetown%20Nobel%20laureates%20official","https://collegescorecard.ed.gov/search/?search=Georgetown"
"unc","UNC Chapel Hill","北卡罗来纳大学教堂山分校","Chapel Hill, NC","23","132","2","61000","15.4","pending-official-cds","待核验","https://www.google.com/search?q=UNC%20Chapel%20Hill%20Common%20Data%20Set%202024%202025%20C7%20official","estimated-needs-official-tuition-check","estimated-needs-CDS-or-Scorecard-check","needs-official-awards-check","https://www.google.com/search?q=UNC%20Chapel%20Hill%20cost%20of%20attendance%20tuition%20fees%20official","https://www.google.com/search?q=UNC%20Chapel%20Hill%20Nobel%20laureates%20official","https://collegescorecard.ed.gov/search/?search=UNC%20Chapel%20Hill"
"emory","Emory","埃默里大学","Atlanta, GA","24","196","0","85000","16.2","pending-official-cds","待核验","https://www.google.com/search?q=Emory%20Common%20Data%20Set%202024%202025%20C7%20official","estimated-needs-official-tuition-check","estimated-needs-CDS-or-Scorecard-check","needs-official-awards-check","https://www.google.com/search?q=Emory%20cost%20of%20attendance%20tuition%20fees%20official","https://www.google.com/search?q=Emory%20Nobel%20laureates%20official","https://collegescorecard.ed.gov/search/?search=Emory"
"uva","Virginia","弗吉尼亚大学","Charlottesville, VA","25","297","0","61000","17","pending-official-cds","待核验","https://www.google.com/search?q=Virginia%20Common%20Data%20Set%202024%202025%20C7%20official","estimated-needs-official-tuition-check","estimated-needs-CDS-or-Scorecard-check","needs-official-awards-check","https://www.google.com/search?q=Virginia%20cost%20of%20attendance%20tuition%20fees%20official","https://www.google.com/search?q=Virginia%20Nobel%20laureates%20official","https://collegescorecard.ed.gov/search/?search=Virginia"
"wustl","WashU","圣路易斯华盛顿大学","St. Louis, MO","26","176","4","85000","17.8","pending-official-cds","待核验","https://www.google.com/search?q=WashU%20Common%20Data%20Set%202024%202025%20C7%20official","estimated-needs-official-tuition-check","estimated-needs-CDS-or-Scorecard-check","needs-official-awards-check","https://www.google.com/search?q=WashU%20cost%20of%20attendance%20tuition%20fees%20official","https://www.google.com/search?q=WashU%20Nobel%20laureates%20official","https://collegescorecard.ed.gov/search/?search=WashU"
"ucsd","UC San Diego","加州大学圣迭戈分校","San Diego, CA","27","66","16","67000","18.6","pending-official-cds","待核验","https://www.google.com/search?q=UC%20San%20Diego%20Common%20Data%20Set%202024%202025%20C7%20official","estimated-needs-official-tuition-check","estimated-needs-CDS-or-Scorecard-check","needs-official-awards-check","https://www.google.com/search?q=UC%20San%20Diego%20cost%20of%20attendance%20tuition%20fees%20official","https://www.google.com/search?q=UC%20San%20Diego%20Nobel%20laureates%20official","https://collegescorecard.ed.gov/search/?search=UC%20San%20Diego"
"usc","USC","南加州大学","Los Angeles, CA","28","125","6","88000","19.4","pending-official-cds","待核验","https://www.google.com/search?q=USC%20Common%20Data%20Set%202024%202025%20C7%20official","estimated-needs-official-tuition-check","estimated-needs-CDS-or-Scorecard-check","needs-official-awards-check","https://www.google.com/search?q=USC%20cost%20of%20attendance%20tuition%20fees%20official","https://www.google.com/search?q=USC%20Nobel%20laureates%20official","https://collegescorecard.ed.gov/search/?search=USC"
"uc-davis","UC Davis","加州大学戴维斯分校","Davis, CA","29","117","2","60000","20.2","pending-official-cds","待核验","https://www.google.com/search?q=UC%20Davis%20Common%20Data%20Set%202024%202025%20C7%20official","estimated-needs-official-tuition-check","estimated-needs-CDS-or-Scorecard-check","needs-official-awards-check","https://www.google.com/search?q=UC%20Davis%20cost%20of%20attendance%20tuition%20fees%20official","https://www.google.com/search?q=UC%20Davis%20Nobel%20laureates%20official","https://collegescorecard.ed.gov/search/?search=UC%20Davis"
"uc-irvine","UC Irvine","加州大学欧文分校","Irvine, CA","30","307","3","66000","21","pending-official-cds","待核验","https://www.google.com/search?q=UC%20Irvine%20Common%20Data%20Set%202024%202025%20C7%20official","estimated-needs-official-tuition-check","estimated-needs-CDS-or-Scorecard-check","needs-official-awards-check","https://www.google.com/search?q=UC%20Irvine%20cost%20of%20attendance%20tuition%20fees%20official","https://www.google.com/search?q=UC%20Irvine%20Nobel%20laureates%20official","https://collegescorecard.ed.gov/search/?search=UC%20Irvine"
"florida","Florida","佛罗里达大学","Gainesville, FL","31","215","2","60000","21.8","pending-official-cds","待核验","https://www.google.com/search?q=Florida%20Common%20Data%20Set%202024%202025%20C7%20official","estimated-needs-official-tuition-check","estimated-needs-CDS-or-Scorecard-check","needs-official-awards-check","https://www.google.com/search?q=Florida%20cost%20of%20attendance%20tuition%20fees%20official","https://www.google.com/search?q=Florida%20Nobel%20laureates%20official","https://collegescorecard.ed.gov/search/?search=Florida"
"cmu","Carnegie Mellon","卡内基梅隆大学","Pittsburgh, PA","32","52","20","84000","22.6","pending-official-cds","待核验","https://www.google.com/search?q=Carnegie%20Mellon%20Common%20Data%20Set%202024%202025%20C7%20official","estimated-needs-official-tuition-check","estimated-needs-CDS-or-Scorecard-check","needs-official-awards-check","https://www.google.com/search?q=Carnegie%20Mellon%20cost%20of%20attendance%20tuition%20fees%20official","https://www.google.com/search?q=Carnegie%20Mellon%20Nobel%20laureates%20official","https://collegescorecard.ed.gov/search/?search=Carnegie%20Mellon"
"uiuc","UIUC","伊利诺伊大学香槟分校","Champaign, IL","33","69","11","60000","23.4","pending-official-cds","待核验","https://www.google.com/search?q=UIUC%20Common%20Data%20Set%202024%202025%20C7%20official","estimated-needs-official-tuition-check","estimated-needs-CDS-or-Scorecard-check","needs-official-awards-check","https://www.google.com/search?q=UIUC%20cost%20of%20attendance%20tuition%20fees%20official","https://www.google.com/search?q=UIUC%20Nobel%20laureates%20official","https://collegescorecard.ed.gov/search/?search=UIUC"
"nyu","NYU","纽约大学","New York, NY","34","50","5","87000","24.2","pending-official-cds","待核验","https://www.google.com/search?q=NYU%20Common%20Data%20Set%202024%202025%20C7%20official","estimated-needs-official-tuition-check","estimated-needs-CDS-or-Scorecard-check","needs-official-awards-check","https://www.google.com/search?q=NYU%20cost%20of%20attendance%20tuition%20fees%20official","https://www.google.com/search?q=NYU%20Nobel%20laureates%20official","https://collegescorecard.ed.gov/search/?search=NYU"
"ut-austin","UT Austin","德州大学奥斯汀分校","Austin, TX","35","68","13","63000","25","pending-official-cds","待核验","https://www.google.com/search?q=UT%20Austin%20Common%20Data%20Set%202024%202025%20C7%20official","estimated-needs-official-tuition-check","estimated-needs-CDS-or-Scorecard-check","needs-official-awards-check","https://www.google.com/search?q=UT%20Austin%20cost%20of%20attendance%20tuition%20fees%20official","https://www.google.com/search?q=UT%20Austin%20Nobel%20laureates%20official","https://collegescorecard.ed.gov/search/?search=UT%20Austin"
"ga-tech","Georgia Tech","佐治亚理工学院","Atlanta, GA","36","97","0","63000","25.8","pending-official-cds","待核验","https://www.google.com/search?q=Georgia%20Tech%20Common%20Data%20Set%202024%202025%20C7%20official","estimated-needs-official-tuition-check","estimated-needs-CDS-or-Scorecard-check","needs-official-awards-check","https://www.google.com/search?q=Georgia%20Tech%20cost%20of%20attendance%20tuition%20fees%20official","https://www.google.com/search?q=Georgia%20Tech%20Nobel%20laureates%20official","https://collegescorecard.ed.gov/search/?search=Georgia%20Tech"
"bc","Boston College","波士顿学院","Chestnut Hill, MA","37","631","0","80000","26.6","pending-official-cds","待核验","https://www.google.com/search?q=Boston%20College%20Common%20Data%20Set%202024%202025%20C7%20official","estimated-needs-official-tuition-check","estimated-needs-CDS-or-Scorecard-check","needs-official-awards-check","https://www.google.com/search?q=Boston%20College%20cost%20of%20attendance%20tuition%20fees%20official","https://www.google.com/search?q=Boston%20College%20Nobel%20laureates%20official","https://collegescorecard.ed.gov/search/?search=Boston%20College"
"tufts","Tufts","塔夫茨大学","Medford, MA","38","344","0","80000","27.4","pending-official-cds","待核验","https://www.google.com/search?q=Tufts%20Common%20Data%20Set%202024%202025%20C7%20official","estimated-needs-official-tuition-check","estimated-needs-CDS-or-Scorecard-check","needs-official-awards-check","https://www.google.com/search?q=Tufts%20cost%20of%20attendance%20tuition%20fees%20official","https://www.google.com/search?q=Tufts%20Nobel%20laureates%20official","https://collegescorecard.ed.gov/search/?search=Tufts"
"wake","Wake Forest","维克森林大学","Winston-Salem, NC","39","741","0","80000","28.2","pending-official-cds","待核验","https://www.google.com/search?q=Wake%20Forest%20Common%20Data%20Set%202024%202025%20C7%20official","estimated-needs-official-tuition-check","estimated-needs-CDS-or-Scorecard-check","needs-official-awards-check","https://www.google.com/search?q=Wake%20Forest%20cost%20of%20attendance%20tuition%20fees%20official","https://www.google.com/search?q=Wake%20Forest%20Nobel%20laureates%20official","https://collegescorecard.ed.gov/search/?search=Wake%20Forest"
"rochester","Rochester","罗切斯特大学","Rochester, NY","40","224","8","80000","29","pending-official-cds","待核验","https://www.google.com/search?q=Rochester%20Common%20Data%20Set%202024%202025%20C7%20official","estimated-needs-official-tuition-check","estimated-needs-CDS-or-Scorecard-check","needs-official-awards-check","https://www.google.com/search?q=Rochester%20cost%20of%20attendance%20tuition%20fees%20official","https://www.google.com/search?q=Rochester%20Nobel%20laureates%20official","https://collegescorecard.ed.gov/search/?search=Rochester"
"bu","Boston University","波士顿大学","Boston, MA","41","108","8","86000","29.1","pending-official-cds","待核验","https://www.google.com/search?q=Boston%20University%20Common%20Data%20Set%202024%202025%20C7%20official","estimated-needs-official-tuition-check","estimated-needs-CDS-or-Scorecard-check","needs-official-awards-check","https://www.google.com/search?q=Boston%20University%20cost%20of%20attendance%20tuition%20fees%20official","https://www.google.com/search?q=Boston%20University%20Nobel%20laureates%20official","https://collegescorecard.ed.gov/search/?search=Boston%20University"
"rutgers","Rutgers-New Brunswick","罗格斯大学新布朗斯维克分校","New Brunswick, NJ","42","299","3","58000","30.2","pending-official-cds","待核验","https://www.google.com/search?q=Rutgers-New%20Brunswick%20Common%20Data%20Set%202024%202025%20C7%20official","estimated-needs-official-tuition-check","estimated-needs-CDS-or-Scorecard-check","needs-official-awards-check","https://www.google.com/search?q=Rutgers-New%20Brunswick%20cost%20of%20attendance%20tuition%20fees%20official","https://www.google.com/search?q=Rutgers-New%20Brunswick%20Nobel%20laureates%20official","https://collegescorecard.ed.gov/search/?search=Rutgers-New%20Brunswick"
"ohio-state","Ohio State","俄亥俄州立大学","Columbus, OH","43","208","0","58000","31.3","pending-official-cds","待核验","https://www.google.com/search?q=Ohio%20State%20Common%20Data%20Set%202024%202025%20C7%20official","estimated-needs-official-tuition-check","estimated-needs-CDS-or-Scorecard-check","needs-official-awards-check","https://www.google.com/search?q=Ohio%20State%20cost%20of%20attendance%20tuition%20fees%20official","https://www.google.com/search?q=Ohio%20State%20Nobel%20laureates%20official","https://collegescorecard.ed.gov/search/?search=Ohio%20State"
"purdue","Purdue","普渡大学","West Lafayette, IN","44","89","3","58000","32.4","pending-official-cds","待核验","https://www.google.com/search?q=Purdue%20Common%20Data%20Set%202024%202025%20C7%20official","estimated-needs-official-tuition-check","estimated-needs-CDS-or-Scorecard-check","needs-official-awards-check","https://www.google.com/search?q=Purdue%20cost%20of%20attendance%20tuition%20fees%20official","https://www.google.com/search?q=Purdue%20Nobel%20laureates%20official","https://collegescorecard.ed.gov/search/?search=Purdue"
"maryland","Maryland","马里兰大学帕克分校","College Park, MD","45","218","3","58000","33.5","pending-official-cds","待核验","https://www.google.com/search?q=Maryland%20Common%20Data%20Set%202024%202025%20C7%20official","estimated-needs-official-tuition-check","estimated-needs-CDS-or-Scorecard-check","needs-official-awards-check","https://www.google.com/search?q=Maryland%20cost%20of%20attendance%20tuition%20fees%20official","https://www.google.com/search?q=Maryland%20Nobel%20laureates%20official","https://collegescorecard.ed.gov/search/?search=Maryland"
"lehigh","Lehigh","里海大学","Bethlehem, PA","46","701","0","79000","34.6","pending-official-cds","待核验","https://www.google.com/search?q=Lehigh%20Common%20Data%20Set%202024%202025%20C7%20official","estimated-needs-official-tuition-check","estimated-needs-CDS-or-Scorecard-check","needs-official-awards-check","https://www.google.com/search?q=Lehigh%20cost%20of%20attendance%20tuition%20fees%20official","https://www.google.com/search?q=Lehigh%20Nobel%20laureates%20official","https://collegescorecard.ed.gov/search/?search=Lehigh"
"uga","Georgia","佐治亚大学","Athens, GA","47","601","0","58000","35.7","pending-official-cds","待核验","https://www.google.com/search?q=Georgia%20Common%20Data%20Set%202024%202025%20C7%20official","estimated-needs-official-tuition-check","estimated-needs-CDS-or-Scorecard-check","needs-official-awards-check","https://www.google.com/search?q=Georgia%20cost%20of%20attendance%20tuition%20fees%20official","https://www.google.com/search?q=Georgia%20Nobel%20laureates%20official","https://collegescorecard.ed.gov/search/?search=Georgia"
"uw-madison","Wisconsin-Madison","威斯康星大学麦迪逊分校","Madison, WI","48","102","20","58000","36.8","pending-official-cds","待核验","https://www.google.com/search?q=Wisconsin-Madison%20Common%20Data%20Set%202024%202025%20C7%20official","estimated-needs-official-tuition-check","estimated-needs-CDS-or-Scorecard-check","needs-official-awards-check","https://www.google.com/search?q=Wisconsin-Madison%20cost%20of%20attendance%20tuition%20fees%20official","https://www.google.com/search?q=Wisconsin-Madison%20Nobel%20laureates%20official","https://collegescorecard.ed.gov/search/?search=Wisconsin-Madison"
"case","Case Western","凯斯西储大学","Cleveland, OH","49","259","16","82000","37.9","pending-official-cds","待核验","https://www.google.com/search?q=Case%20Western%20Common%20Data%20Set%202024%202025%20C7%20official","estimated-needs-official-tuition-check","estimated-needs-CDS-or-Scorecard-check","needs-official-awards-check","https://www.google.com/search?q=Case%20Western%20cost%20of%20attendance%20tuition%20fees%20official","https://www.google.com/search?q=Case%20Western%20Nobel%20laureates%20official","https://collegescorecard.ed.gov/search/?search=Case%20Western"
"texas-am","Texas A&M","德州农工大学","College Station, TX","50","134","0","58000","39","pending-official-cds","待核验","https://www.google.com/search?q=Texas%20A%26M%20Common%20Data%20Set%202024%202025%20C7%20official","estimated-needs-official-tuition-check","estimated-needs-CDS-or-Scorecard-check","needs-official-awards-check","https://www.google.com/search?q=Texas%20A%26M%20cost%20of%20attendance%20tuition%20fees%20official","https://www.google.com/search?q=Texas%20A%26M%20Nobel%20laureates%20official","https://collegescorecard.ed.gov/search/?search=Texas%20A%26M"
"vt","Virginia Tech","弗吉尼亚理工","Blacksburg, VA","51","389","0","57000","40.1","pending-official-cds","待核验","https://www.google.com/search?q=Virginia%20Tech%20Common%20Data%20Set%202024%202025%20C7%20official","estimated-needs-official-tuition-check","estimated-needs-CDS-or-Scorecard-check","needs-official-awards-check","https://www.google.com/search?q=Virginia%20Tech%20cost%20of%20attendance%20tuition%20fees%20official","https://www.google.com/search?q=Virginia%20Tech%20Nobel%20laureates%20official","https://collegescorecard.ed.gov/search/?search=Virginia%20Tech"
"fsu","Florida State","佛罗里达州立大学","Tallahassee, FL","52","573","0","57000","41.2","pending-official-cds","待核验","https://www.google.com/search?q=Florida%20State%20Common%20Data%20Set%202024%202025%20C7%20official","estimated-needs-official-tuition-check","estimated-needs-CDS-or-Scorecard-check","needs-official-awards-check","https://www.google.com/search?q=Florida%20State%20cost%20of%20attendance%20tuition%20fees%20official","https://www.google.com/search?q=Florida%20State%20Nobel%20laureates%20official","https://collegescorecard.ed.gov/search/?search=Florida%20State"
"northeastern","Northeastern","东北大学","Boston, MA","53","375","0","85000","42.3","pending-official-cds","待核验","https://www.google.com/search?q=Northeastern%20Common%20Data%20Set%202024%202025%20C7%20official","estimated-needs-official-tuition-check","estimated-needs-CDS-or-Scorecard-check","needs-official-awards-check","https://www.google.com/search?q=Northeastern%20cost%20of%20attendance%20tuition%20fees%20official","https://www.google.com/search?q=Northeastern%20Nobel%20laureates%20official","https://collegescorecard.ed.gov/search/?search=Northeastern"
"minnesota","Minnesota Twin Cities","明尼苏达大学双城分校","Minneapolis, MN","54","195","26","61000","43.4","pending-official-cds","待核验","https://www.google.com/search?q=Minnesota%20Twin%20Cities%20Common%20Data%20Set%202024%202025%20C7%20official","estimated-needs-official-tuition-check","estimated-needs-CDS-or-Scorecard-check","needs-official-awards-check","https://www.google.com/search?q=Minnesota%20Twin%20Cities%20cost%20of%20attendance%20tuition%20fees%20official","https://www.google.com/search?q=Minnesota%20Twin%20Cities%20Nobel%20laureates%20official","https://collegescorecard.ed.gov/search/?search=Minnesota%20Twin%20Cities"
"william-mary","William & Mary","威廉玛丽学院","Williamsburg, VA","55","901","0","57000","44.5","pending-official-cds","待核验","https://www.google.com/search?q=William%20%26%20Mary%20Common%20Data%20Set%202024%202025%20C7%20official","estimated-needs-official-tuition-check","estimated-needs-CDS-or-Scorecard-check","needs-official-awards-check","https://www.google.com/search?q=William%20%26%20Mary%20cost%20of%20attendance%20tuition%20fees%20official","https://www.google.com/search?q=William%20%26%20Mary%20Nobel%20laureates%20official","https://collegescorecard.ed.gov/search/?search=William%20%26%20Mary"
"nc-state","NC State","北卡州立大学","Raleigh, NC","56","311","0","57000","45.6","pending-official-cds","待核验","https://www.google.com/search?q=NC%20State%20Common%20Data%20Set%202024%202025%20C7%20official","estimated-needs-official-tuition-check","estimated-needs-CDS-or-Scorecard-check","needs-official-awards-check","https://www.google.com/search?q=NC%20State%20cost%20of%20attendance%20tuition%20fees%20official","https://www.google.com/search?q=NC%20State%20Nobel%20laureates%20official","https://collegescorecard.ed.gov/search/?search=NC%20State"
"stony-brook","Stony Brook","石溪大学","Stony Brook, NY","57","460","3","57000","46.7","pending-official-cds","待核验","https://www.google.com/search?q=Stony%20Brook%20Common%20Data%20Set%202024%202025%20C7%20official","estimated-needs-official-tuition-check","estimated-needs-CDS-or-Scorecard-check","needs-official-awards-check","https://www.google.com/search?q=Stony%20Brook%20cost%20of%20attendance%20tuition%20fees%20official","https://www.google.com/search?q=Stony%20Brook%20Nobel%20laureates%20official","https://collegescorecard.ed.gov/search/?search=Stony%20Brook"
"rpi","RPI","伦斯勒理工学院","Troy, NY","58","601","0","78000","47.8","pending-official-cds","待核验","https://www.google.com/search?q=RPI%20Common%20Data%20Set%202024%202025%20C7%20official","estimated-needs-official-tuition-check","estimated-needs-CDS-or-Scorecard-check","needs-official-awards-check","https://www.google.com/search?q=RPI%20cost%20of%20attendance%20tuition%20fees%20official","https://www.google.com/search?q=RPI%20Nobel%20laureates%20official","https://collegescorecard.ed.gov/search/?search=RPI"
"santa-clara","Santa Clara","圣塔克拉拉大学","Santa Clara, CA","59","1001","0","84000","48.9","pending-official-cds","待核验","https://www.google.com/search?q=Santa%20Clara%20Common%20Data%20Set%202024%202025%20C7%20official","estimated-needs-official-tuition-check","estimated-needs-CDS-or-Scorecard-check","needs-official-awards-check","https://www.google.com/search?q=Santa%20Clara%20cost%20of%20attendance%20tuition%20fees%20official","https://www.google.com/search?q=Santa%20Clara%20Nobel%20laureates%20official","https://collegescorecard.ed.gov/search/?search=Santa%20Clara"
"gwu","George Washington","乔治华盛顿大学","Washington, DC","60","362","0","84000","50","pending-official-cds","待核验","https://www.google.com/search?q=George%20Washington%20Common%20Data%20Set%202024%202025%20C7%20official","estimated-needs-official-tuition-check","estimated-needs-CDS-or-Scorecard-check","needs-official-awards-check","https://www.google.com/search?q=George%20Washington%20cost%20of%20attendance%20tuition%20fees%20official","https://www.google.com/search?q=George%20Washington%20Nobel%20laureates%20official","https://collegescorecard.ed.gov/search/?search=George%20Washington"
"syracuse","Syracuse","雪城大学","Syracuse, NY","61","781","0","77000","51.1","pending-official-cds","待核验","https://www.google.com/search?q=Syracuse%20Common%20Data%20Set%202024%202025%20C7%20official","estimated-needs-official-tuition-check","estimated-needs-CDS-or-Scorecard-check","needs-official-awards-check","https://www.google.com/search?q=Syracuse%20cost%20of%20attendance%20tuition%20fees%20official","https://www.google.com/search?q=Syracuse%20Nobel%20laureates%20official","https://collegescorecard.ed.gov/search/?search=Syracuse"
"penn-state","Penn State","宾州州立大学","University Park, PA","62","269","2","56000","52.2","pending-official-cds","待核验","https://www.google.com/search?q=Penn%20State%20Common%20Data%20Set%202024%202025%20C7%20official","estimated-needs-official-tuition-check","estimated-needs-CDS-or-Scorecard-check","needs-official-awards-check","https://www.google.com/search?q=Penn%20State%20cost%20of%20attendance%20tuition%20fees%20official","https://www.google.com/search?q=Penn%20State%20Nobel%20laureates%20official","https://collegescorecard.ed.gov/search/?search=Penn%20State"
"miami","Miami","迈阿密大学","Coral Gables, FL","63","324","0","83000","53.3","pending-official-cds","待核验","https://www.google.com/search?q=Miami%20Common%20Data%20Set%202024%202025%20C7%20official","estimated-needs-official-tuition-check","estimated-needs-CDS-or-Scorecard-check","needs-official-awards-check","https://www.google.com/search?q=Miami%20cost%20of%20attendance%20tuition%20fees%20official","https://www.google.com/search?q=Miami%20Nobel%20laureates%20official","https://collegescorecard.ed.gov/search/?search=Miami"
"umass","UMass Amherst","马萨诸塞大学阿默斯特分校","Amherst, MA","64","275","2","56000","54.4","pending-official-cds","待核验","https://www.google.com/search?q=UMass%20Amherst%20Common%20Data%20Set%202024%202025%20C7%20official","estimated-needs-official-tuition-check","estimated-needs-CDS-or-Scorecard-check","needs-official-awards-check","https://www.google.com/search?q=UMass%20Amherst%20cost%20of%20attendance%20tuition%20fees%20official","https://www.google.com/search?q=UMass%20Amherst%20Nobel%20laureates%20official","https://collegescorecard.ed.gov/search/?search=UMass%20Amherst"
"pitt","Pittsburgh","匹兹堡大学","Pittsburgh, PA","65","275","3","59000","55.5","pending-official-cds","待核验","https://www.google.com/search?q=Pittsburgh%20Common%20Data%20Set%202024%202025%20C7%20official","estimated-needs-official-tuition-check","estimated-needs-CDS-or-Scorecard-check","needs-official-awards-check","https://www.google.com/search?q=Pittsburgh%20cost%20of%20attendance%20tuition%20fees%20official","https://www.google.com/search?q=Pittsburgh%20Nobel%20laureates%20official","https://collegescorecard.ed.gov/search/?search=Pittsburgh"
"indiana","Indiana Bloomington","印第安纳大学伯明顿分校","Bloomington, IN","66","1001","0","56000","56.6","pending-official-cds","待核验","https://www.google.com/search?q=Indiana%20Bloomington%20Common%20Data%20Set%202024%202025%20C7%20official","estimated-needs-official-tuition-check","estimated-needs-CDS-or-Scorecard-check","needs-official-awards-check","https://www.google.com/search?q=Indiana%20Bloomington%20cost%20of%20attendance%20tuition%20fees%20official","https://www.google.com/search?q=Indiana%20Bloomington%20Nobel%20laureates%20official","https://collegescorecard.ed.gov/search/?search=Indiana%20Bloomington"
"uconn","UConn","康涅狄格大学","Storrs, CT","67","565","0","55000","57.7","pending-official-cds","待核验","https://www.google.com/search?q=UConn%20Common%20Data%20Set%202024%202025%20C7%20official","estimated-needs-official-tuition-check","estimated-needs-CDS-or-Scorecard-check","needs-official-awards-check","https://www.google.com/search?q=UConn%20cost%20of%20attendance%20tuition%20fees%20official","https://www.google.com/search?q=UConn%20Nobel%20laureates%20official","https://collegescorecard.ed.gov/search/?search=UConn"
"fordham","Fordham","福特汉姆大学","New York, NY","68","1001","0","83000","58.8","pending-official-cds","待核验","https://www.google.com/search?q=Fordham%20Common%20Data%20Set%202024%202025%20C7%20official","estimated-needs-official-tuition-check","estimated-needs-CDS-or-Scorecard-check","needs-official-awards-check","https://www.google.com/search?q=Fordham%20cost%20of%20attendance%20tuition%20fees%20official","https://www.google.com/search?q=Fordham%20Nobel%20laureates%20official","https://collegescorecard.ed.gov/search/?search=Fordham"
"brandeis","Brandeis","布兰迪斯大学","Waltham, MA","69","721","1","76000","59.9","pending-official-cds","待核验","https://www.google.com/search?q=Brandeis%20Common%20Data%20Set%202024%202025%20C7%20official","estimated-needs-official-tuition-check","estimated-needs-CDS-or-Scorecard-check","needs-official-awards-check","https://www.google.com/search?q=Brandeis%20cost%20of%20attendance%20tuition%20fees%20official","https://www.google.com/search?q=Brandeis%20Nobel%20laureates%20official","https://collegescorecard.ed.gov/search/?search=Brandeis"
"wpi","WPI","伍斯特理工学院","Worcester, MA","70","851","0","76000","61","pending-official-cds","待核验","https://www.google.com/search?q=WPI%20Common%20Data%20Set%202024%202025%20C7%20official","estimated-needs-official-tuition-check","estimated-needs-CDS-or-Scorecard-check","needs-official-awards-check","https://www.google.com/search?q=WPI%20cost%20of%20attendance%20tuition%20fees%20official","https://www.google.com/search?q=WPI%20Nobel%20laureates%20official","https://collegescorecard.ed.gov/search/?search=WPI"
"tulane","Tulane","杜兰大学","New Orleans, LA","71","631","0","80000","62.6","pending-official-cds","待核验","https://www.google.com/search?q=Tulane%20Common%20Data%20Set%202024%202025%20C7%20official","estimated-needs-official-tuition-check","estimated-needs-CDS-or-Scorecard-check","needs-official-awards-check","https://www.google.com/search?q=Tulane%20cost%20of%20attendance%20tuition%20fees%20official","https://www.google.com/search?q=Tulane%20Nobel%20laureates%20official","https://collegescorecard.ed.gov/search/?search=Tulane"
"clemson","Clemson","克莱姆森大学","Clemson, SC","72","951","0","55000","63.2","pending-official-cds","待核验","https://www.google.com/search?q=Clemson%20Common%20Data%20Set%202024%202025%20C7%20official","estimated-needs-official-tuition-check","estimated-needs-CDS-or-Scorecard-check","needs-official-awards-check","https://www.google.com/search?q=Clemson%20cost%20of%20attendance%20tuition%20fees%20official","https://www.google.com/search?q=Clemson%20Nobel%20laureates%20official","https://collegescorecard.ed.gov/search/?search=Clemson"
"colorado","Colorado Boulder","科罗拉多大学博尔德分校","Boulder, CO","73","320","5","55000","63.8","pending-official-cds","待核验","https://www.google.com/search?q=Colorado%20Boulder%20Common%20Data%20Set%202024%202025%20C7%20official","estimated-needs-official-tuition-check","estimated-needs-CDS-or-Scorecard-check","needs-official-awards-check","https://www.google.com/search?q=Colorado%20Boulder%20cost%20of%20attendance%20tuition%20fees%20official","https://www.google.com/search?q=Colorado%20Boulder%20Nobel%20laureates%20official","https://collegescorecard.ed.gov/search/?search=Colorado%20Boulder"
"stevens","Stevens Institute of Technology","史蒂文斯理工学院","Hoboken, NJ","74","701","0","83000","64.4","pending-official-cds","待核验","https://www.google.com/search?q=Stevens%20Institute%20of%20Technology%20Common%20Data%20Set%202024%202025%20C7%20official","estimated-needs-official-tuition-check","estimated-needs-CDS-or-Scorecard-check","needs-official-awards-check","https://www.google.com/search?q=Stevens%20Institute%20of%20Technology%20cost%20of%20attendance%20tuition%20fees%20official","https://www.google.com/search?q=Stevens%20Institute%20of%20Technology%20Nobel%20laureates%20official","https://collegescorecard.ed.gov/search/?search=Stevens%20Institute%20of%20Technology"
"pepperdine","Pepperdine","佩珀代因大学","Malibu, CA","75","1001","0","83000","65","pending-official-cds","待核验","https://www.google.com/search?q=Pepperdine%20Common%20Data%20Set%202024%202025%20C7%20official","estimated-needs-official-tuition-check","estimated-needs-CDS-or-Scorecard-check","needs-official-awards-check","https://www.google.com/search?q=Pepperdine%20cost%20of%20attendance%20tuition%20fees%20official","https://www.google.com/search?q=Pepperdine%20Nobel%20laureates%20official","https://collegescorecard.ed.gov/search/?search=Pepperdine"
"delaware","Delaware","特拉华大学","Newark, DE","76","1001","0","55000","65.6","pending-official-cds","待核验","https://www.google.com/search?q=Delaware%20Common%20Data%20Set%202024%202025%20C7%20official","estimated-needs-official-tuition-check","estimated-needs-CDS-or-Scorecard-check","needs-official-awards-check","https://www.google.com/search?q=Delaware%20cost%20of%20attendance%20tuition%20fees%20official","https://www.google.com/search?q=Delaware%20Nobel%20laureates%20official","https://collegescorecard.ed.gov/search/?search=Delaware"
"auburn","Auburn","奥本大学","Auburn, AL","77","951","0","55000","66.2","pending-official-cds","待核验","https://www.google.com/search?q=Auburn%20Common%20Data%20Set%202024%202025%20C7%20official","estimated-needs-official-tuition-check","estimated-needs-CDS-or-Scorecard-check","needs-official-awards-check","https://www.google.com/search?q=Auburn%20cost%20of%20attendance%20tuition%20fees%20official","https://www.google.com/search?q=Auburn%20Nobel%20laureates%20official","https://collegescorecard.ed.gov/search/?search=Auburn"
"uic","UIC","伊利诺伊大学芝加哥分校","Chicago, IL","78","323","0","59000","66.8","pending-official-cds","待核验","https://www.google.com/search?q=UIC%20Common%20Data%20Set%202024%202025%20C7%20official","estimated-needs-official-tuition-check","estimated-needs-CDS-or-Scorecard-check","needs-official-awards-check","https://www.google.com/search?q=UIC%20cost%20of%20attendance%20tuition%20fees%20official","https://www.google.com/search?q=UIC%20Nobel%20laureates%20official","https://collegescorecard.ed.gov/search/?search=UIC"
"baylor","Baylor","贝勒大学","Waco, TX","79","1001","0","76000","67.4","pending-official-cds","待核验","https://www.google.com/search?q=Baylor%20Common%20Data%20Set%202024%202025%20C7%20official","estimated-needs-official-tuition-check","estimated-needs-CDS-or-Scorecard-check","needs-official-awards-check","https://www.google.com/search?q=Baylor%20cost%20of%20attendance%20tuition%20fees%20official","https://www.google.com/search?q=Baylor%20Nobel%20laureates%20official","https://collegescorecard.ed.gov/search/?search=Baylor"
"oregon","Oregon","俄勒冈大学","Eugene, OR","80","1001","0","55000","68","pending-official-cds","待核验","https://www.google.com/search?q=Oregon%20Common%20Data%20Set%202024%202025%20C7%20official","estimated-needs-official-tuition-check","estimated-needs-CDS-or-Scorecard-check","needs-official-awards-check","https://www.google.com/search?q=Oregon%20cost%20of%20attendance%20tuition%20fees%20official","https://www.google.com/search?q=Oregon%20Nobel%20laureates%20official","https://collegescorecard.ed.gov/search/?search=Oregon"
"denver","Denver","丹佛大学","Denver, CO","81","901","0","80000","68.6","pending-official-cds","待核验","https://www.google.com/search?q=Denver%20Common%20Data%20Set%202024%202025%20C7%20official","estimated-needs-official-tuition-check","estimated-needs-CDS-or-Scorecard-check","needs-official-awards-check","https://www.google.com/search?q=Denver%20cost%20of%20attendance%20tuition%20fees%20official","https://www.google.com/search?q=Denver%20Nobel%20laureates%20official","https://collegescorecard.ed.gov/search/?search=Denver"
"san-diego","San Diego","圣地亚哥大学","San Diego, CA","82","1001","0","83000","69.2","pending-official-cds","待核验","https://www.google.com/search?q=San%20Diego%20Common%20Data%20Set%202024%202025%20C7%20official","estimated-needs-official-tuition-check","estimated-needs-CDS-or-Scorecard-check","needs-official-awards-check","https://www.google.com/search?q=San%20Diego%20cost%20of%20attendance%20tuition%20fees%20official","https://www.google.com/search?q=San%20Diego%20Nobel%20laureates%20official","https://collegescorecard.ed.gov/search/?search=San%20Diego"
"clark","Clark","克拉克大学","Worcester, MA","83","1001","0","76000","69.8","pending-official-cds","待核验","https://www.google.com/search?q=Clark%20Common%20Data%20Set%202024%202025%20C7%20official","estimated-needs-official-tuition-check","estimated-needs-CDS-or-Scorecard-check","needs-official-awards-check","https://www.google.com/search?q=Clark%20cost%20of%20attendance%20tuition%20fees%20official","https://www.google.com/search?q=Clark%20Nobel%20laureates%20official","https://collegescorecard.ed.gov/search/?search=Clark"
"american","American","美利坚大学","Washington, DC","84","791","0","83000","70.4","pending-official-cds","待核验","https://www.google.com/search?q=American%20Common%20Data%20Set%202024%202025%20C7%20official","estimated-needs-official-tuition-check","estimated-needs-CDS-or-Scorecard-check","needs-official-awards-check","https://www.google.com/search?q=American%20cost%20of%20attendance%20tuition%20fees%20official","https://www.google.com/search?q=American%20Nobel%20laureates%20official","https://collegescorecard.ed.gov/search/?search=American"
"marquette","Marquette","马凯特大学","Milwaukee, WI","85","1001","0","80000","71","pending-official-cds","待核验","https://www.google.com/search?q=Marquette%20Common%20Data%20Set%202024%202025%20C7%20official","estimated-needs-official-tuition-check","estimated-needs-CDS-or-Scorecard-check","needs-official-awards-check","https://www.google.com/search?q=Marquette%20cost%20of%20attendance%20tuition%20fees%20official","https://www.google.com/search?q=Marquette%20Nobel%20laureates%20official","https://collegescorecard.ed.gov/search/?search=Marquette"
"loyola","Loyola Chicago","芝加哥洛约拉大学","Chicago, IL","86","1001","0","80000","71.6","pending-official-cds","待核验","https://www.google.com/search?q=Loyola%20Chicago%20Common%20Data%20Set%202024%202025%20C7%20official","estimated-needs-official-tuition-check","estimated-needs-CDS-or-Scorecard-check","needs-official-awards-check","https://www.google.com/search?q=Loyola%20Chicago%20cost%20of%20attendance%20tuition%20fees%20official","https://www.google.com/search?q=Loyola%20Chicago%20Nobel%20laureates%20official","https://collegescorecard.ed.gov/search/?search=Loyola%20Chicago"
"gonzaga","Gonzaga","贡萨加大学","Spokane, WA","87","1001","0","76000","72.2","pending-official-cds","待核验","https://www.google.com/search?q=Gonzaga%20Common%20Data%20Set%202024%202025%20C7%20official","estimated-needs-official-tuition-check","estimated-needs-CDS-or-Scorecard-check","needs-official-awards-check","https://www.google.com/search?q=Gonzaga%20cost%20of%20attendance%20tuition%20fees%20official","https://www.google.com/search?q=Gonzaga%20Nobel%20laureates%20official","https://collegescorecard.ed.gov/search/?search=Gonzaga"
"howard","Howard","霍华德大学","Washington, DC","88","1001","0","83000","72.8","pending-official-cds","待核验","https://www.google.com/search?q=Howard%20Common%20Data%20Set%202024%202025%20C7%20official","estimated-needs-official-tuition-check","estimated-needs-CDS-or-Scorecard-check","needs-official-awards-check","https://www.google.com/search?q=Howard%20cost%20of%20attendance%20tuition%20fees%20official","https://www.google.com/search?q=Howard%20Nobel%20laureates%20official","https://collegescorecard.ed.gov/search/?search=Howard"
"drexel","Drexel","德雷塞尔大学","Philadelphia, PA","89","721","0","80000","73.4","pending-official-cds","待核验","https://www.google.com/search?q=Drexel%20Common%20Data%20Set%202024%202025%20C7%20official","estimated-needs-official-tuition-check","estimated-needs-CDS-or-Scorecard-check","needs-official-awards-check","https://www.google.com/search?q=Drexel%20cost%20of%20attendance%20tuition%20fees%20official","https://www.google.com/search?q=Drexel%20Nobel%20laureates%20official","https://collegescorecard.ed.gov/search/?search=Drexel"
"rit","RIT","罗切斯特理工学院","Rochester, NY","90","1001","0","76000","74","pending-official-cds","待核验","https://www.google.com/search?q=RIT%20Common%20Data%20Set%202024%202025%20C7%20official","estimated-needs-official-tuition-check","estimated-needs-CDS-or-Scorecard-check","needs-official-awards-check","https://www.google.com/search?q=RIT%20cost%20of%20attendance%20tuition%20fees%20official","https://www.google.com/search?q=RIT%20Nobel%20laureates%20official","https://collegescorecard.ed.gov/search/?search=RIT"
"iowa","Iowa","爱荷华大学","Iowa City, IA","91","1001","0","55000","74.6","pending-official-cds","待核验","https://www.google.com/search?q=Iowa%20Common%20Data%20Set%202024%202025%20C7%20official","estimated-needs-official-tuition-check","estimated-needs-CDS-or-Scorecard-check","needs-official-awards-check","https://www.google.com/search?q=Iowa%20cost%20of%20attendance%20tuition%20fees%20official","https://www.google.com/search?q=Iowa%20Nobel%20laureates%20official","https://collegescorecard.ed.gov/search/?search=Iowa"
"arizona","Arizona","亚利桑那大学","Tucson, AZ","92","285","3","59000","75.2","pending-official-cds","待核验","https://www.google.com/search?q=Arizona%20Common%20Data%20Set%202024%202025%20C7%20official","estimated-needs-official-tuition-check","estimated-needs-CDS-or-Scorecard-check","needs-official-awards-check","https://www.google.com/search?q=Arizona%20cost%20of%20attendance%20tuition%20fees%20official","https://www.google.com/search?q=Arizona%20Nobel%20laureates%20official","https://collegescorecard.ed.gov/search/?search=Arizona"
"asu","Arizona State","亚利桑那州立大学","Tempe, AZ","93","200","0","59000","75.8","pending-official-cds","待核验","https://www.google.com/search?q=Arizona%20State%20Common%20Data%20Set%202024%202025%20C7%20official","estimated-needs-official-tuition-check","estimated-needs-CDS-or-Scorecard-check","needs-official-awards-check","https://www.google.com/search?q=Arizona%20State%20cost%20of%20attendance%20tuition%20fees%20official","https://www.google.com/search?q=Arizona%20State%20Nobel%20laureates%20official","https://collegescorecard.ed.gov/search/?search=Arizona%20State"
"ut-dallas","UT Dallas","德州大学达拉斯分校","Richardson, TX","94","596","0","55000","76.4","pending-official-cds","待核验","https://www.google.com/search?q=UT%20Dallas%20Common%20Data%20Set%202024%202025%20C7%20official","estimated-needs-official-tuition-check","estimated-needs-CDS-or-Scorecard-check","needs-official-awards-check","https://www.google.com/search?q=UT%20Dallas%20cost%20of%20attendance%20tuition%20fees%20official","https://www.google.com/search?q=UT%20Dallas%20Nobel%20laureates%20official","https://collegescorecard.ed.gov/search/?search=UT%20Dallas"
"colorado-state","Colorado State","科罗拉多州立大学","Fort Collins, CO","95","442","0","55000","77","pending-official-cds","待核验","https://www.google.com/search?q=Colorado%20State%20Common%20Data%20Set%202024%202025%20C7%20official","estimated-needs-official-tuition-check","estimated-needs-CDS-or-Scorecard-check","needs-official-awards-check","https://www.google.com/search?q=Colorado%20State%20cost%20of%20attendance%20tuition%20fees%20official","https://www.google.com/search?q=Colorado%20State%20Nobel%20laureates%20official","https://collegescorecard.ed.gov/search/?search=Colorado%20State"
"oregon-state","Oregon State","俄勒冈州立大学","Corvallis, OR","96","641","0","55000","77.6","pending-official-cds","待核验","https://www.google.com/search?q=Oregon%20State%20Common%20Data%20Set%202024%202025%20C7%20official","estimated-needs-official-tuition-check","estimated-needs-CDS-or-Scorecard-check","needs-official-awards-check","https://www.google.com/search?q=Oregon%20State%20cost%20of%20attendance%20tuition%20fees%20official","https://www.google.com/search?q=Oregon%20State%20Nobel%20laureates%20official","https://collegescorecard.ed.gov/search/?search=Oregon%20State"
"kansas","Kansas","堪萨斯大学","Lawrence, KS","97","1001","0","55000","78.2","pending-official-cds","待核验","https://www.google.com/search?q=Kansas%20Common%20Data%20Set%202024%202025%20C7%20official","estimated-needs-official-tuition-check","estimated-needs-CDS-or-Scorecard-check","needs-official-awards-check","https://www.google.com/search?q=Kansas%20cost%20of%20attendance%20tuition%20fees%20official","https://www.google.com/search?q=Kansas%20Nobel%20laureates%20official","https://collegescorecard.ed.gov/search/?search=Kansas"
"missouri","Missouri","密苏里大学","Columbia, MO","98","1001","0","55000","78.8","pending-official-cds","待核验","https://www.google.com/search?q=Missouri%20Common%20Data%20Set%202024%202025%20C7%20official","estimated-needs-official-tuition-check","estimated-needs-CDS-or-Scorecard-check","needs-official-awards-check","https://www.google.com/search?q=Missouri%20cost%20of%20attendance%20tuition%20fees%20official","https://www.google.com/search?q=Missouri%20Nobel%20laureates%20official","https://collegescorecard.ed.gov/search/?search=Missouri"
"utah","Utah","犹他大学","Salt Lake City, UT","99","531","1","55000","79.4","pending-official-cds","待核验","https://www.google.com/search?q=Utah%20Common%20Data%20Set%202024%202025%20C7%20official","estimated-needs-official-tuition-check","estimated-needs-CDS-or-Scorecard-check","needs-official-awards-check","https://www.google.com/search?q=Utah%20cost%20of%20attendance%20tuition%20fees%20official","https://www.google.com/search?q=Utah%20Nobel%20laureates%20official","https://collegescorecard.ed.gov/search/?search=Utah"
"tennessee","Tennessee","田纳西大学","Knoxville, TN","100","1001","0","55000","80","pending-official-cds","待核验","https://www.google.com/search?q=Tennessee%20Common%20Data%20Set%202024%202025%20C7%20official","estimated-needs-official-tuition-check","estimated-needs-CDS-or-Scorecard-check","needs-official-awards-check","https://www.google.com/search?q=Tennessee%20cost%20of%20attendance%20tuition%20fees%20official","https://www.google.com/search?q=Tennessee%20Nobel%20laureates%20official","https://collegescorecard.ed.gov/search/?search=Tennessee"
